"Order","Overruling Decision","Year of Overruling Decision","Overruled Decision(s)","Year(s) of Overruled Decision(s)"
"1","Ramos v. Louisiana,No. 18-5924 (U.S. Apr. 20, 2020)","2020","Apodaca v. Oregon,406 U.S. 404 (1972) (plurality opinion);Johnson v. Louisiana,406 U.S. 366 (1972) (Powell, J., concurring)","1972"
"3","Herrera v. Wyoming, No. 17-532 (U.S. May 20, 2019)","2019","Ward v. Race Horse,163 U.S. 504 (1896)","1896"
"2","Franchise Tax Board of California v. Hyatt, No. 17-1299 (U.S. May 13, 2019)","2019","Nevada v. Hall, 440 U.S. 410 (1979)","1979"
"4","Knick v. Township of Scott, No. 17-647 (U.S. June 21, 2019)","2019","Williamson County Regional Planning Commission v. Hamilton Bank of Johnson City, 473 U.S. 172 (1985) (in part)","1985"
"5","Rucho v. Common Cause, No. 18-422 (U.S. June 27, 2019)","2019","Davis v. Bandemer, 478 U.S. 109 (1986)","1986"
"8","Trump v. Hawaii,No. 17-965 (U.S. June 26,2018)","2018","Korematsu v. United States,323 U.S. 214 (1944)","1944"
"6","Janus v. American Federation of State, County, & Municipal Employees, Council 31,No. 16-1466 (U.S. June 27, 2018)","2018","Abood v. Detroit Board of Education,431 U.S. 209 (1977)","1977"
"7","South Dakota v. Wayfair,No. 17-494 (U.S. June 21, 2018)","2018","National Bellas Hess v. Department of Revenue of Illinois,386 U.S. 753 (1967); Quill Corp. v. North Dakota, 504 U.S. 298 (1992)","19671992"
"9","Hurst v. Florida,No. 14-7505 (U.S. Jan. 12, 2016)","2016","Hildwin v. Florida,490 U.S. 638 (1989) (per curiam); Spaziano v. Florida, 468 U.S. 447 (1984)","19891984"
"11","Obergefell v. Hodges,No. 14-556 (U.S. June 26, 2015)","2015","Baker v. Nelson,409 U.S. 810 (1972)","1972"
"10","Johnson v. United States,No. 13-7120 (U.S. June 26, 2015)","2015","Sykes v. United States,564 U.S. 1 (2011); James v. United States, 550 U.S. 192 (2007)","20112007"
"12","Alleyne v. United States,570 U.S. 99 (2013)","2013","Harris v. United States,536 U.S. 545 (2002)","2002"
"13","Citizens United v. Federal Election Commission,558 U.S. 310  (2010)","2010","McConnell v. Federal Election Commission,540 U.S. 93 (2003)","2003"
"14","Montejo v. Louisiana,556 U.S. 778  (2009)","2009","Michigan v. Jackson,475 U.S. 625 (1986)","1986"
"15","Pearson v. Callahan,555 U.S. 223  (2009)","2009","Saucier v. Katz,533 U.S. 194 (2001)","2001"
"17","Leegin Creative Leather Products Inc. v. PSKS, Inc.,551 U.S. 877  (2007)","2007","Dr. Miles Medical Co. v. John D. Park & Sons Co.,220 U.S. 373 (1911)","1911"
"16","Bowles v. Russell,551 U.S. 205  (2007)","2007","Thompson v. Immigration & Naturalization Service,375 U.S. 384 (1964); Harris Truck Lines, Inc. v. Cherry Meat Packers, Inc., 371 U.S. 215 (1962)","19641962"
"18","Central Virginia Community College v. Katz,546 U.S. 356  (2006)","2006","Hoffman v. Connecticut Department of Income Maintenance,492 U.S. 96 (1989)","1989"
"19","Roper v. Simmons,543 U.S. 551  (2005)","2005","Stanford v. Kentucky,492 U.S. 361 (1989)","1989"
"20","Crawford v. Washington,541 U.S. 36  (2004)","2004","Ohio v. Roberts,448 U.S. 56 (1980)","1980"
"21","Lawrence v. Texas,539 U.S. 558  (2003)","2003","Bowers v. Hardwick,478 U.S. 186 (1986)","1986"
"25","United States v. Cotton,535 U.S. 625  (2002)","2002","Ex parte Bain,121 U.S. 1 (1887)","1887"
"23","Lapides v. Board of Regents of University System of Goergia,535 U.S. 613  (2002)","2002","Ford Motor Co. v. Department of Treasury of State of Indiana,323 U.S. 459 (1945)","1945"
"22","Atkins v. Virginia,536 U.S. 304  (2002)","2002","Penry v. Lynaugh,492 U.S. 302 (1989)","1989"
"24","Ring v. Arizona,536 U.S. 584  (2002)","2002","Walton v. Arizona,497 U.S. 639 (1990)","1990"
"26","United States v. Hatter,532 U.S. 557  (2001)","2001","Evans v. Gore,253 U.S. 245 (1920)","1920"
"27","Mitchell v. Helms,530 U.S. 793  (2000)","2000","Wolman v. Walter,433 U.S. 229 (1977); Meek v. Pittenger, 421 U.S. 349 (1975)","19771975"
"29","Minnesota v. Mille Lacs Band of Chippewa Indians,526 U.S. 172  (1999) (in part)","1999","Ward v. Race Horse,163 U.S. 504 (1896) (in part)","1896"
"28","College Savings Bank v. Florida Prepaid Postsecondary Education Expense Board,527 U.S. 666  (1999)","1999","Parden v. Terminal Railway of Alabama State Docks Department,377 U.S. 184 (1964) (in part)","1964"
"30","Hohn v. United States,524 U.S. 236  (1998)","1998","House v. Mayo,324 U.S. 42 (1945)","1945"
"33","State Oil Co. v. Khan,522 U.S. 3  (1997)","1997","Albrecht v. Herald Co.,390 U.S. 145 (1968)","1968"
"31","Agostini v. Felton,521 U.S. 203  (1997)","1997","Aguilar v. Felton,473 U.S. 402 (1985); School District of Grand Rapids v. Ball, 473 U.S. 373 (1985) (in part)","1985"
"32","Hudson v. United States,522 U.S. 93  (1997)","1997","United States v. Halper,490 U.S. 435 (1989)","1989"
"35","Fulton Corp. v. Faulkner,516 U.S. 325  (1996)","1996","Darnell v. Indiana,226 U.S. 390 (1912); Kidd v. Alabama,188 U.S. 730 (1903)","1912"
"34","44 Liquormart, Inc. v. Rhode Island,517 U.S. 484  (1996)","1996","California v. LaRue,409 U.S. 109 (1972)","1972"
"36","Seminole Tribe of Florida v. Florida,517 U.S. 44  (1996)","1996","Pennsylvania v. Union Gas Co.,491 U.S. 1 (1989)","1989"
"39","United States v. Gaudin,515 U.S. 506  (1995)","1995","Sinclair v. United States,279 U.S. 263 (1929)","1929"
"38","Hubbard v. United States,514 U.S. 695  (1995)","1995","United States v. Bramblett,348 U.S. 503 (1955)","1955"
"37","Adarand Constructors, Inc. v. Pena,515 U.S. 200  (1995)","1995","Metro Broadcasting, Inc. v. Federal Communications Commission,497 U.S. 547 (1990)","1990"
"40","Nichols v. United States,511 U.S. 738  (1994)","1994","Baldasar v. Illinois,446 U.S. 222 (1980)","1980"
"41","United States v. Dixon,509 U.S. 688  (1993)","1993","Grady v. Corbin,495 U.S. 508 (1990)","1990"
"42","Keeney v. Tamayo-Reyes,504 U.S. 1  (1992)","1992","Townsend v. Sain,372 U.S. 293 (1963) (in part)","1963"
"44","Quill Corp. v. North Dakota,504 U.S. 298  (1992)","1992","National Bellas Hess, Inc. v. Department of Revenue of Illinois,386 U.S. 753 (1967) (in part)","1967"
"43","Planned Parenthood of Southeaster Pennsylvania v. Casey,505 U.S. 833  (1992)","1992","Thornburgh v. American College of Obstetricians & Gynecologists,476 U.S. 747 (1986) (in part); City of Akron v. Akron Center for Reproductive Health, Inc., 462 U.S. 416 (1983) (in part)","19861983"
"47","Exxon Corp. v. Central Gulf Lines, Inc.,500 U.S. 603  (1991)","1991","Minturn v. Maynard,58 U.S. (17 How.) 477 (1855)","1855"
"46","Coleman v. Thompson,501 U.S. 722  (1991)","1991","Fay v. Noia,372 U.S. 391 (1963) (in part)","1963"
"45","California v. Acevedo,500 U.S. 565  (1991)","1991","Arkansas v. Sanders,442 U.S. 753 (1979)","1979"
"48","Payne v. Tennessee,501 U.S. 808  (1991)","1991","South Carolina v. Gathers,490 U.S. 805 (1989); Booth v. Maryland, 482 U.S. 496 (1987)","19891987"
"50","W. S. Kirkpatrick & Co. v. Environmental Tectonics Corp.,493 U.S. 400  (1990)","1990","American Banana Co. v. United Fruit Co.,213 U.S. 347 (1909)","1909"
"49","Collins v. Youngblood,497 U.S. 37  (1990)","1990","Thompson v. Utah,170 U.S. 343 (1898); Kring v. Missouri, 107 U.S. 221 (1883)","18981883"
"53","Rodriguez de Quijas v. Shearson/American Express, Inc.,490 U.S. 477  (1989)","1989","Wilko v. Swan,346 U.S. 427 (1953)","1953"
"52","Healy v. The Beer Institute,491 U.S. 324  (1989)","1989","Joseph E. Seagram & Sons, Inc. v. Hostetter,384 U.S. 35 (1966)","1966"
"51","Alabama v. Smith,490 U.S. 794  (1989)","1989","North Carolina v. Pearce,395 U.S. 711 (1969)","1969"
"54","Thornburgh v. Abbott,490 U.S. 401  (1989)","1989","Procunier v. Martinez,416 U.S. 396 (1974) (in part)","1974"
"56","South Carolina v. Baker,485 U.S. 505  (1988)","1988","Pollock v. Farmers’ Loan & Trust Co.,157 U.S. 429 (1895)","1895"
"55","Gulfstream Aerospace Corp. v. Mayacamas Corp.,485 U.S. 271  (1988)","1988","Ettelson v. Metropolitan Life Insurance Co.,317 U.S. 188 (1942); Enelow v. New York Life Insurance Co., 293 U.S. 379 (1935)","19421935"
"57","Puerto Rico v. Branstad,483 U.S. 219  (1987)","1987","Kentucky v. Dennison,65 U.S. (24 How.) 66 (1861)","1861"
"59","Tyler Pipe Industries, Inc. v. Washington State Department of Revenue,483 U.S. 232  (1987)","1987","General Motors Corp. v. Washington,377 U.S. 436 (1964)","1964"
"60","Welch v. Texas Department of Highways & Public Transportation,483 U.S. 468  (1987)","1987","Parden v. Terminal Railway of Alabama State Docks Department,377 U.S. 184 (1964) (in part)","1964"
"58","Solorio v. United States,483 U.S. 435  (1987)","1987","O’Callahan v. Parker,395 U.S. 258 (1969)","1969"
"61","Batson v. Kentucky,476 U.S. 79  (1986)","1986","Swain v. Alabama,380 U.S. 202 (1965) (in part)","1965"
"62","Daniels v. Williams,474 U.S. 327  (1986)","1986","Parratt v. Taylor,451 U.S. 527 (1981) (in part)","1981"
"64","United States v. Miller,471 U.S. 130  (1985)","1985","Ex parte Bain,121 U.S. 1 (1887) (in part)","1887"
"63","Garcia v. San Antonio Metropolitan Transit Authority,469 U.S. 528  (1985)","1985","Nationall League of Cities v. Usery,426 U.S. 833 (1976)","1976"
"68","United States v. One Assortment of 89 Firearms,465 U.S. 354  (1984)","1984","Coffey v. United States,116 U.S. 436 (1886)","1886"
"67","Pennhurst State School & Hospital v. Halderman,465 U.S. 89  (1984)","1984","Rolston v. Missouri Fund Commissioners,120 U.S. 390 (1887) (in part)","1887"
"66","Limbach v. Hooven & Allison Co.,466 U.S. 353  (1984)","1984","Hooven & Allison Co. v. Evatt,324 U.S. 652 (1945)","1945"
"65","Copperweld Corp. v. Independence Tube Corp.,467 U.S. 752  (1984)","1984","United States v. Yellow Cab Co.,332 U.S. 218 (1947)","1947"
"69","Bob Jones University v. United States,461 U.S. 574  (1983)","1983","Plessy v. Ferguson,163 U.S. 537 (1896)","1896"
"70","Illinois v. Gates,462 U.S. 213  (1983)","1983","Spinelli v. United States,393 U.S. 410 (1969); Aguilar v. Texas, 378 U.S. 108 (1964)","19691964"
"71","Sporhase v. Nebraska ex rel. Douglas,458 U.S. 941  (1982)","1982","Hudson County Water Co. v. McCarter,209 U.S. 349 (1908)","1908"
"72","United States v. Ross,456 U.S. 798  (1982)","1982","Robbins v. California,453 U.S. 420 (1981)","1981"
"73","Commonwealth Edison Co. v. Montana,453 U.S. 609  (1981)","1981","Heisler v. Thomas Colliery Co.,260 U.S. 245 (1922)","1922"
"74","Trammel v. United States,445 U.S. 40  (1980)","1980","Hawkins v. United States,358 U.S. 74 (1958)","1958"
"75","United States v. Salvucci,448 U.S. 83  (1980)","1980","Jones v. United States,362 U.S. 257 (1960)","1960"
"76","Hughes v. Oklahoma,441 U.S. 322  (1979)","1979","Geer v. Connecticut,161 U.S. 519 (1896)","1896"
"79","Monell v. Department of Social Services,436 U.S. 658  (1978)","1978","Monroe v. Pape,365 U.S. 167 (1961) (in part)","1961"
"80","United States v. Scott,437 U.S. 82  (1978)","1978","United States v. Jenkins,420 U.S. 358 (1975)","1975"
"78","Department of Revenue v. Ass’n of Washington Stevedoring Cos.,435 U.S. 734  (1978)","1978","Joseph v. Carter & Weekes Stevedoring Co.,330 U.S. 422 (1947); Puget Sound Stevedoring Co. v. State Tax Commission, 302 U.S. 90 (1937)","19471937"
"77","Burks v. United States,437 U.S. 1  (1978)","1978","Forman v. United States,361 U.S. 416 (1960) (in part); Yates v. United States, 354 U.S. 298 (1957) (in part); Bryan v. United States, 338 U.S. 552 (1950) (in part)","196019571950"
"84","Shaffer v. Heitner,433 U.S. 186  (1977)","1977","Pennoyer v. Neff,95 U.S. 714 (1878)","1877"
"81","Complete Auto Transit, Inc. v. Brady,430 U.S. 274  (1977)","1977","Spector Motor Service v. O’Connor,340 U.S. 602 (1951)","1951"
"82","Continental T.V., Inc. v. GTE Sylvania,433 U.S. 36  (1977)","1977","United States v. Arnold, Schwinn & Co.,388 U.S. 365 (1967)","1967"
"83","Oregon ex rel. State Land Board v. Corvallis Sand & Gravel Co.,429 U.S. 363  (1977)","1977","Bonelli Cattle Co. v. Arizona,414 U.S. 313 (1973)","1973"
"91","Michelin Tire Corp. v. Wages,423 U.S. 276  (1976)","1976","Low v. Austin,80 U.S. (13 Wall.) 29 (1872)","1872"
"93","Virginia State Board of Pharmacy v. Virginia Citizens Consumer Council, Inc.,425 U.S. 748  (1976)","1976","Valentine v. Chrestensen,316 U.S. 52 (1942)","1942"
"86","Craig v. Boren,429 U.S. 190  (1976)","1976","Goesaert v. Cleary,335 U.S. 464 (1948)","1948"
"90","Lodge 76, International Association of Machinists & Aerospace Workers v. Wisconsin Employment Relations Commission,427 U.S. 132  (1976)","1976","International Union, U.A.W.A. v. Wisconsin Employment Relations Board,336 U.S. 245 (1949) (Briggs-Stratton)","1949"
"85","City of New Orleans v. Dukes,427 U.S. 297  (1976)","1976","Morey v. Doud,354 U.S. 457 (1957)","1957"
"89","Hudgens v. National Labor Relations Board,424 U.S. 507  (1976)","1976","Amalgamated Food Employees Union Local 590 v. Logan Valley Plaza, Inc.,391 U.S. 308 (1968)","1968"
"92","National League of Cities v. Usery,426 U.S. 833  (1976)","1976","Maryland v. Wirtz,392 U.S. 183 (1968)","1968"
"87","Dove v. United States,423 U.S. 325  (1976)","1976","Durham v. United States,401 U.S. 481 (1971)","1971"
"88","Gregg v. Georgia,428 U.S. 153  (1976)","1976","McGautha v. California,402 U.S. 183 (1971)","1971"
"95","United States v. Reliable Transfer Co.,421 U.S. 397  (1975)","1975","The Schooner Catherine v. Dickinson,58 U.S. (17 How.) 170 (1854)","1854"
"94","Taylor v. Louisiana,419 U.S. 522  (1975)","1975","Hoyt v. Florida,368 U.S. 57 (1961) (in part)","1961"
"96","Edelman v. Jordan,415 U.S. 651  (1974)","1974","Sterrett v. Mothers’ & Children’s Rights Organization,409 U.S. 809 (1973); State Department of Health & Rehabilitative Services v. Zarate, 407 U.S. 918 (1972);Wyman v. Bowens, 397 U.S. 49 (1970);Shapiro v. Thompson, 394 U.S. 618 (1969)","1973197219701969"
"98","Lehnhausen v. Lake Shore Auto Parts Co.,410 U.S. 356  (1973)","1973","Quaker City Cab Co. v. Pennsylvania,277 U.S. 389 (1928)","1928"
"100","North Dakota State Board of Pharmacy v. Snyder’s Drug Stores, Inc.,414 U.S. 156  (1973)","1973","Louis K. Liggett Co. v. Baldridge,278 U.S. 105 (1928)","1928"
"97","Braden v. 30th Judicial Circuit Court,410 U.S. 484  (1973)","1973","Ahrens v. Clark,335 U.S. 188 (1948)","1948"
"99","Miller v. California,413 U.S. 15  (1973)","1973","A Book Named “John Cleland’s Memoirs of a Woman of Pleasure” v. Attorney General,383 U.S. 413 (1966)","1966"
"101","Andrews v. Louisville & Nashville Railroad Co.,406 U.S. 320  (1972)","1972","Moore v. Illinois Central Railroad Co.,312 U.S. 630 (1941)","1941"
"102","Blonder-Tongue Laboratories, Inc. v. University of Illinois Foundation,402 U.S. 313  (1971)","1971","Triplett v. Lowell,297 U.S. 638 (1936)","1936"
"103","Griffin v. Breckenridge,403 U.S. 88  (1971)","1971","Collins v. Hardyman,341 U.S. 651 (1951) (in part)","1951"
"104","Perez v. Campbell,402 U.S. 637  (1971)","1971","Kesler v. Department of Public Safety,369 U.S. 153 (1962); Reitz v. Mealey,314 U.S. 33 (1941)","19621941"
"107","Moragne v. States Marine Lines,398 U.S. 375  (1970)","1970","The Harrisburg,119 U.S. 199 (1886)","1886"
"109","Williams v. Florida,399 U.S. 78  (1970)","1970","Thompson v. Utah,170 U.S. 343 (1898)","1898"
"108","Price v. Georgia,398 U.S. 323  (1970)","1970","Brantley v. Georgia,217 U.S. 284 (1910)","1910"
"105","Ashe v. Swenson,397 U.S. 436  (1970)","1970","Hoag v. New Jersey,356 U.S. 464 (1958)","1958"
"106","Boys Markets, Inc. v. Retail Clerk’s Union,398 U.S. 235  (1970)","1970","Sinclair Refining Co. v. Atkinson,370 U.S. 195 (1962)","1962"
"113","Jones v. Alfred H. Mayer Co.,392 U.S. 409  (1969)","1969","Hodges v. United States,203 U.S. 1 (1906)","1906"
"111","Brandenburg v. Ohio,395 U.S. 444  (1969)","1969","Whitney v. California,274 U.S. 357 (1927)","1927"
"110","Benton v. Maryland,395 U.S. 784  (1969)","1969","Palko v. Connecticut,302 U.S. 319 (1937)","1937"
"115","Moore v. Ogilvie,394 U.S. 814  (1969)","1969","MacDougall v. Green,335 U.S. 281 (1948)","1948"
"114","Lear, Inc. v. Adkins,395 U.S. 653  (1969)","1969","Automatic Radio Manufacturing Co. v. Hazeltine Research, Inc.,339 U.S. 827 (1950)","1950"
"112","Chimel v. California,395 U.S. 752  (1969)","1969","United States v. Rabinowitz,339 U.S. 56 (1950); Harris v. United States, 331 U.S. 145 (1947)","19501947"
"118","Duncan v. Louisiana,391 U.S. 145  (1968)","1968","Maxwell v. Dow,176 U.S. 581 (1900)","1900"
"120","Peyton v. Rowe,391 U.S. 54  (1968)","1968","McNally v. Hill,293 U.S. 131 (1934)","1934"
"119","Lee v. Florida,392 U.S. 378  (1968)","1968","Schwartz v. Texas,344 U.S. 199 (1952)","1952"
"116","Bruton v. United States,391 U.S. 123  (1968)","1968","Delli Paoli v. United States,352 U.S. 232 (1957)","1957"
"117","Carafas v. LaVallee,391 U.S. 234  (1968)","1968","Parker v. Ellis,362 U.S. 574 (1960)","1960"
"127","Warden, Maryland Penitentiary v. Hayden,387 U.S. 294  (1967)","1967","Gouled v. United States,255 U.S. 298 1921 (1921)","1921"
"124","Keyishian v. Board of Regents,385 U.S. 589  (1967)","1967","Adler v. Board of Educution,342 U.S. 485 (1952)","1952"
"121","Afroyim v. Rusk,387 U.S. 253  (1967)","1967","Perez v. Brownell,356 U.S. 44 (1958)","1958"
"122","Camara v. Municipal Court of San Francisco,387 U.S. 523  (1967)","1967","Frank v. Maryland,359 U.S. 360 (1959)","1959"
"126","Spevack v. Klein,385 U.S. 511  (1967)","1967","Cohen v. Hurley,366 U.S. 117 (1961)","1961"
"123","Katz v. United States,389 U.S. 347  (1967)","1967","Goldman v. United States,316 U.S. 129 (1942); Olmstead v. United States, 277 U.S. 438 (1928)","19421928"
"125","Marchetti v. United States,390 U.S. 39  (1968)","1967","Lewis v. United States,348 U.S. 419 (1955); United States v. Kahriger, 345 U.S. 22 (1953)","19551953"
"128","Harper v. Virgina Board of Elections,383 U.S. 663  (1966)","1966","Breedlove v. Suttles,302 U.S. 277 (1937)","1937"
"129","Miranda v. Arizona,384 U.S. 436  (1966)","1966","Crooker v. California,357 U.S. 433 (1958); Cicenia v. La Gay, 357 U.S. 504 (1958)","1958"
"131","Pointer v. Texas,380 U.S. 400  (1965)","1965","West v. Louisiana,194 U.S. 258 (1904)","1904"
"133","United States v. Brown,381 U.S. 437  (1965)","1965","American Commcations Ass’n v. Douds,339 U.S. 382 (1950)","1950"
"130","Harris v. United States,382 U.S. 162  (1965)","1965","Brown v. United States,359 U.S. 41 (1959)","1959"
"132","Swift & Co. v. Wickham,382 U.S. 111  (1965)","1965","Kesler v. Department of Public Safety,369 U.S. 153 (1962) (in part)","1962"
"137","McLaughlin v. Florida,379 U.S. 184  (1964)","1964","Pace v. Alabama,106 U.S. 583 (1883)","1883"
"139","Wesberry v. Sanders,376 U.S. 1  (1964)","1964","Colegrove v. Green,328 U.S. 549 (1946) (in part)","1946"
"135","Jackson v. Denno,378 U.S. 368  (1964)","1964","Stein v. New York,346 U.S. 156 (1953)","1953"
"134","Escobedo v. Illinois,378 U.S. 478  (1964)","1964","Cicenia v. Lagay,357 U.S. 504 (1958); Crooker v. California, 357 U.S. 433 (1958)","1958"
"138","Murphy v. Waterfront Commission of New York Harbor,378 U.S. 52  (1964)","1964","Feldman v. United States,322 U.S. 487 (1944); United States v. Murdock, 284 U.S. 141 (1931)","19441931"
"136","Malloy v. Hogan,378 U.S. 1, 6  (1964)","1964","Adamson v. California,332 U.S. 46 (1947); Twining v. New Jersey, 211 U.S. 78 (1908)","19471908"
"141","Ferguson v. Skrupa,372 U.S. 726  (1963)","1963","Adams v. Tanner,244 U.S. 590 (1917)","1917"
"142","Gideon v. Wainwright,372 U.S. 335  (1963)","1963","Betts v. Brady,316 U.S. 455 (1942)","1942"
"143","Local No. 438 Construction & General Laborers’ Union v. Curry,371 U.S. 542  (1963)","1963","Montgomery Building & Construction Trades Council v. Ledbetter Erection Co., 344 U.S. 178 (1952) (in part)","1952"
"144","Townsend v. Sain,372 U.S. 293 (1963)","1963","Brown v. Allen,344 U.S. 443 (1953)","1953"
"140","Fay v. Noia,372 U.S. 391  (1963)","1963","Darr v. Burford,339 U.S. 200 (1950) (in part);Daniels v. Allen,344 U.S. 443 (1953) (in part)","19501953"
"145","Smith v. Evening News Ass’n,371 U.S. 195  (1962)","1962","Ass’n of Westinghouse Salaried Employees v. Westinghouse Electric Corp.,348 U.S. 437 (1955) (in part)","1955"
"146","James v. United States,366 U.S. 213  (1961)","1961","Commissioner of Internal Revenue v. Wilcox,327 U.S. 404 (1946)","1946"
"147","Mapp v. Ohio,367 U.S. 643  (1961)","1961","Wolf v. Colorado,338 U.S. 25 (1949) (in part)","1949"
"148","United States v. Raines,362 U.S. 17  (1960)","1960","United States v. Reese,92 U.S. 214 (1876)","1876"
"150","Vanderbilt v. Vanderbilt,354 U.S. 416  (1957)","1957","Thompson v. Thompson,226 U.S. 551 (1913)","1913"
"149","Reid v. Covert,354 U.S. 1  (1957)","1957","Reid v. Covert,351 U.S. 487 (1956); Kinsella v. Krueger, 351 U.S. 470 (1956)","1956"
"151","Carroll v. Lanza,349 U.S. 408  (1955)","1955","Bradford Electric Light Co. v. Clapper,286 U.S. 145 (1932)","1932"
"152","Joseph Burstyn, Inc. v. Wilson,343 U.S. 495  (1952)","1952","Mutual Film Corp. v. Industrial Commission of Ohio,236 U.S. 230 (1915)","1915"
"153","Standard Oil Co. v. Peck,342 U.S. 382  (1952)","1952","Ayer & Lord Tie Co. v. Kentucky,202 U.S. 409 (1906); Old Dominion Steamship Co. v. Virginia, 198 U.S. 299 (1905); St. Louis v. The Ferry Co., 78 U.S. (11 Wall.) 423 (1870)","190619051870"
"154","United States v. Rabinowitz,339 U.S. 56  (1950)","1950","Trupiano v. United States,334 U.S. 699 (1948)","1948"
"157","Lincoln Federal Labor Union v. Northwestern Iron & Metal Co.,335 U.S. 525  (1949)","1949","Coppage v. Kansas 236 U.S. 1 (1915); Adair v. United States,208 U.S. 161 (1908)","1915"
"155","Commissioner of Internal Revenue v. Estate of Church,335 U.S. 632  (1949)","1949","May v. Heiner,281 U.S. 238 (1930)","1930"
"156","Cosmopolitan Shipping Co. v. McAllister,337 U.S. 783  (1949)","1949","Hust v. Moore-McCormack Lines, Inc.,328 U.S. 707 (1946)","1946"
"158","Oklahoma Tax Commission v. Texas Co.,336 U.S. 342  (1949)","1949","Oklahoma ex rel. Okla. Tax Comm’n v. Barnsdall Refineries, Inc.,296 U.S. 521 (1936); Large Oil Co. v. Howard, 248 U.S. 549 (1919); Howard v. Gipsy Oil Co., 247 U.S. 503 (1918); Indian Territory Illuminating Oil Co. v. Oklahoma, 240 U.S. 522 (1916); Choctaw, Oklahoma & Gulf Railroad Co. v. Harrison, 235 U.S. 292 (1914)","19361919191819161914"
"159","Sherrer v. Sherrer,334 U.S. 343  (1948)","1948","Andrews v. Andrews,188 U.S. 14 (1903) (in part)","1903"
"160","Angel v. Bullington,330 U.S. 183  (1947)","1947","David Lupton’s Sons v. Automobile Club of America,225 U.S. 489 (1912)","1912"
"161","Girouard v. United States,328 U.S. 61  (1946)","1946","United States v. Bland,283 U.S. 636 (1931);United States v. Macintosh, 283 U.S. 605 (1931); United States v. Schwimmer, 279 U.S. 644 (1929)","19311929"
"166","United States v. South-Eastern Underwriters Ass’n,322 U.S. 533  (1944)","1944","Paul v. Virginia,75 U.S. (8 Wall.) 168 (1869)","1869"
"164","Mercoid Corp. v. Mid-Continent Co.,320 U.S. 661  (1944)","1944","Leeds & Catlin Co. v. Victor Talking Machine Co.,213 U.S. 325 (1909)","1909"
"163","Mahnich v. Southern Steamship Co.,321 U.S. 96  (1944)","1944","Plamals v. Steamship “Pinar Del Rio,”277 U.S. 151 (1928) (in part)","1928"
"162","Federal Power Commssion v. Hope Natural Gas Co.,320 U.S. 591  (1944)","1944","United Railways & Electric Co. v. West,280 U.S. 234 (1930) (in part)","1930"
"165","Smith v. Allwright,321 U.S. 649  (1944)","1944","Grovey v. Townsend,295 U.S. 45 (1935)","1935"
"170","Oklahoma Tax Commission v. United States,319 U.S. 598  (1943)","1943","Childers v. Beaver,270 U.S. 555 (1926)","1926"
"167","Brady v. Roosevelt Steamship, Co.,317 U.S. 575  (1943)","1943","Johnson v. U.S. Shipping Board Emergency Fleet Corp.,280 U.S. 320 (1930)","1930"
"171","West Virginia State Board of Education v. Barnette,319 U.S. 624  (1943)","1943","Minersville School District v. Gobitis,310 U.S. 586 (1940)","1940"
"168","Jones v. Opelika, 319 U.S. 103 (1943) (re-argument)","1943","Jones v. Opelika,316 U.S. 584 (1942)","1942"
"169","Murdock v. Pennsylvania,319 U.S. 105 (1943)","1943","Jones v. Opelika,316 U.S. 584 (1942)","1942"
"174","Williams v. North Carolina,317 U.S. 287  (1942)","1942","Haddock v. Haddock,201 U.S. 562 (1906)","1906"
"172","Graves v. Schmidlapp,315 U.S. 657  (1942)","1942","Wachovia Bank & Trust Co. v. Doughton,272 U.S. 567 (1926)","1926"
"173","State Tax Commission v. Aldrich,316 U.S. 174  (1942)","1942","First National Bank of Boston v. Maine,284 U.S. 312 (1932)","1932"
"177","Edwards v. California,314 U.S. 160  (1941)","1941","City of New York v. Miln,36 U.S. (11 Pet.) 102 (1837)","1837"
"181","United States v. Chicago, Milwaukee, St. Paul & Pacific Railroad,312 U.S. 592  (1941)","1941","United States v. Lynah,188 U.S. 445 (1903)","1903"
"178","Nye v. United States,313 U.S. 33  (1941)","1941","Toledo Newspaper Co. v. United States,247 U.S. 402 (1918)","1918"
"180","Toucey v. New York Life Insurance Co.,314 U.S. 118  (1941)","1941","Supreme Tribe of Ben-Hur v. Cauble,255 U.S. 356 (1921)","1921"
"176","California v. Thompson,313 U.S. 109  (1941)","1941","Di Santo v. Pennsylvania,273 U.S. 34 (1927)","1927"
"179","Olsen v. Nebraska ex rel. Western Reference & Bond Ass’n,313 U.S. 236  (1941)","1941","Ribnik v. McBride,277 U.S. 350 (1928)","1928"
"182","United States v. Darby,312 U.S. 100  (1941)","1941","Hammer v. Dagenhart,247 U.S. 251 (1918)","1936"
"175","Alabama v. King & Boozer,314 U.S. 1  (1941)","1941","Graves v. Texas Co.,298 U.S. 393 (1936);Panhandle Oil Co. v. Mississippi ex rel. Knox, 277 U.S. 218 (1928)","19361928"
"185","Tigner v. Texas,310 U.S. 141  (1940)","1940","Connolly v. Union Sewer Pipe Co.,184 U.S. 540 (1902)","1902"
"183","Helvering v. Hallock,309 U.S. 106  (1940)","1940","Becker v. St. Louis Union Trust Co.,296 U.S. 48 (1935); Helvering v. St. Louis Union Trust Co., 296 U.S. 39 (1935)","1935"
"184","Madden v. Kentucky,309 U.S. 83  (1940)","1940","Colgate v. Harvey,296 U.S. 404 (1935)","1935"
"188","Rochester Telephone Corp. v. United States,307 U.S. 125  (1939)","1939","Procter & Gamble Co. v. United States,225 U.S. 282 (1912)","1912"
"187","O’Malley v. Woodrough,307 U.S. 277  (1939)","1939","Miles v. Graham,268 U.S. 501 (1925); Evans v. Gore, 253 U.S. 245 (1920)","19251920"
"186","Graves v. New York ex rel. O’Keefe,306 U.S. 466  (1939)","1939","New York ex rel. Rogers v. Graves,299 U.S. 401 (1937); Collector v. Day, 78 U.S. (11 Wall.) 113 (1871)","19371871"
"189","Erie Railroad v. Tompkins,304 U.S. 64  (1938)","1938","Swift v. Tyson,41 U.S. (16 Pet.) 1 (1842)","1842"
"190","Helvering v. Mountain Producers Corp.,303 U.S. 376  (1938)","1938","Burnet v. Coronado Oil & Gas Co.,285 U.S. 393 (1932); Gillespie v. Oklahoma, 257 U.S. 501 (1922)","19321922"
"191","West Coast Hotel Co. v. Parrish,300 U.S. 379  (1937)","1937","Adkins v. Children’s Hosp. of D.C.,261 U.S. 525 (1923)","1923"
"192","Funk v. United States,290 U.S. 371  (1933)","1933","Jin Fuey Moy v. United States,254 U.S. 189 (1920); Hendrix v. United States, 219 U.S. 79 (1911)","19201911"
"193","Chicago & Eastern Illinois Railroad Co. v. Industrial Commission,284 U.S. 296  (1932)","1932","Erie Railroad Co. v. Szary,253 U.S. 86 (1920);Erie Railroad Co. v. Collins, 253 U.S. 77 (1920)","1920"
"194","Fox Film Corp. v. Doyal,286 U.S. 123  (1932)","1932","Long v. Rockwood,277 U.S. 142 (1928)","1928"
"195","East Ohio Gas Co. v. Tax Commission of Ohio,283 U.S. 465  (1931)","1931","Pennsylvania Gas Co. v. Public Service Commission,252 U.S. 23 (1920)","1920"
"196","Farmers Loan & Trust Co. v. Minnesota,280 U.S. 204  (1930)","1930","Blackstone v. Miller,188 U.S. 189 (1903)","1903"
"197","Gleason v. Seaboard Air Line Railway Co.,278 U.S. 349  (1929)","1929","Friedlander v. Texas & Pacific Railway Co.,130 U.S. 416 (1889) (in part)","1889"
"198","Alpha Portland Cement Co. v. Massachusetts,268 U.S. 203  (1925)","1925","Baltic Mining Co. v. Massachusetts,231 U.S. 68 (1913)","1913"
"199","Lee v. Chesapeake & Ohio Railway Co.,260 U.S. 653  (1923)","1923","In re Moore,209 U.S. 490 (1908); Ex parte Wisner, 203 U.S. 449 (1906)","19081906"
"200","Terral v. Burke Construction Co.,257 U.S. 529  (1922)","1922","Security Mutual Life Insurance Co. v. Prewitt,202 U.S. 246 (1906); Doyle v. Cont’l Ins. Co., 94 U.S. 535 (1877)","19061877"
"202","Rosen v. United States,245 U.S. 467  (1918)","1918","United States v. Reid,53 U.S. (12 How.) 361 (1851)","1851"
"201","Boston Store of Chicago v. American Graphophone Co.,246 U.S. 8  (1918)","1918","Henry v. A.B. Dick Co.,224 U.S. 1 (1912)","1912"
"204","Pennsylvania Railroad Co. v. Towers,245 U.S. 6  (1917)","1917","Lake Shore & Michigan Southern Railway Co. v. Smith,173 U.S. 684 (1899) (in part)","1899"
"203","Motion Picture Patents Co. v. Universal Film Manufacturing Co.,243 U.S. 502  (1917)","1917","Henry v. A.B. Dick Co.,224 U.S. 1 (1912)","1912"
"205","United States v. Nice,241 U.S. 591  (1916)","1916","In re Heff,197 U.S. 488 (1905)","1905"
"206","Garland v. Washington,232 U.S. 642  (1914)","1914","Crain v. United States,162 U.S. 625 (1896)","1896"
"207","Minnesota Rate Cases,230 U.S. 352  (1913)","1913","Peik v. Chicago & Northwestern Railway,94 U.S. 164 (1877)","1877"
"208","Roberts v. Lewis,153 U.S. 367  (1894)","1894","Giles v. Little,104 U.S. 291 (1881)","1881"
"209","Brenham v. German American Bank,144 U.S. 173  (1892)","1892","Mitchell v. Burlington,71 U.S. (4 Wall.) 270 (1867); Rogers v. Burlington, 70 U.S. (3 Wall.) 654 (1866)","18671866"
"210","Leisy v. Hardin,135 U.S. 100  (1890)","1890","Peirce v. New Hampshire,46 U.S. (5 How.) 504 (1847)","1847"
"211","Leloup v. Port of Mobile,127 U.S. 640  (1888)","1888","Osborne v. Mobile,83 U.S. (16 Wall.) 479 (1873)","1873"
"212","In re Ayers,123 U.S. 443  (1887)","1887","Osborn v. Bank of the United States,22 U.S. (9 Wheat.) 738 (1824)","1824"
"213","Philadelphia & Southern Mail Steamship Co. v. Pennsylvania,122 U.S. 326  (1887)","1887","State Tax on Railway Gross Receipts,82 U.S. (15 Wall.) 284 (1873)","1873"
"214","Morgan v. United States,113 U.S. 476  (1885)","1885","Texas v. White,74 U.S. (7 Wall.) 700 (1869)","1869"
"215","Kountze v. Omaha Hotel Co.,107 U.S. 378  (1883)","1883","Stafford v. Union Bank of Louisiana,57 U.S. (16 How.) 135 (1853)","1853"
"216","United States v. Phelps,107 U.S. 320  (1883)","1883","Shelton v. Collector,72 U.S. (5 Wall.) 113 (1867)","1867"
"217","Kilbourn v. Thompson,103 U.S. 168  (1881)","1881","Anderson v. Dunn,19 U.S. (6 Wheat.) 204 (1821)","1821"
"218","Tilghman v. Proctor,102 U.S. 707  (1880)","1880","Mitchell v. Tilghman,86 U.S. (19 Wall.) 287 (1873)","1873"
"219","Fairfield v. County of Gallatin,100 U.S. 47  (1879)","1879","Town of Concord v. Portsmouth Savings Bank,92 U.S. 625 (1875)","1875"
"220","County of Cass v. Johnston,95 U.S. 360  (1877)","1877","Harshman v. Bates County,92 U.S. 569 (1875)","1875"
"222","Union Pacific Railway v. McShane,89 U.S. (22 Wall.) 444 (1874)","1874","Railway Co. v. Prescott,83 U.S. (16 Wall.) 603 (1873) (in part)","1873"
"221","Hornbuckle v. Toombs,85 U.S. (18 Wall.) 648 (1874)","1874","Dunphy v. Kleinsmith & Duer,78 U.S. (11 Wall.) 610 (1870); Orchard v. Hughes, 68 U.S. (1 Wall.) 73, 77 (1864); Noonan v. Lee, 67 U.S. (2 Black) 499 (1863)","187018641863"
"224","Trebilcock v. Wilson,79 U.S. (12 Wall.) 687 (1871)","1871","Roosevelt v. Meyer,68 U.S. (1 Wall.) 512 (1863)","1863"
"223","Knox v. Lee,79 U.S. (12 Wall.) 457 (1871) (Legal Tender Cases)","1871","Hepburn v. Griswold,75 U.S. (8 Wall.) 603 (1870)","1870"
"225","The Belfast,74 U.S. (7 Wall.) 624 (1869)","1869","Allen v. Newberry,62 U.S. (21 How.) 244 (1858) (in part)","1858"
"226","Mason v. Eldred,73 U.S. (6 Wall.) 231 (1868)","1868","Sheehy v. Mandeville & Jamesson,10 U.S. (6 Cr.) 253 (1810)","1810"
"227","Suydam v. Williamson,65 U.S. (24 How.) 427 (1861)","1861","Williamson v. Ball,49 U.S. (8 How.) 566 (1850); Williamson v. Irish Presbyterian Congregation, 49 U.S. (8 How.) 565 (1850); Williamson v. Berry, 49 U.S. (8 How.) 495 (1850)","1850"
"228","Gazzam v. Lessee of Phillips,61 U.S. (20 How.) 372 (1857)","1857","Brown’s Lessee v. Clements,44 U.S. (3 How.) 650 (1845)","1845"
"229","The Propeller Genesee Chief,53 U.S. (12 How.) 443 (1851)","1851","The Steamboat Thomas Jefferson,23 U.S. (10 Wheat.) 428 (1825)","1825"
"230","Louisville, Cincinnati & Charleston Railway Co. v. Letson,43 U.S. (2 How.) 497 (1844)","1844","Commercial & Railroad Bank of Vicksburg v. Slocomb,39 U.S. (14 Pet.) 60 (1840); Bank of the United States v. Deveaux, 9 U.S. (5 Cr.) 61 (1809); Strawbridge v. Curtiss, 7 U.S. (3 Cr.) 267 (1806)","184018091806"
"231","Green v. Lessee of Neal,31 U.S. (6 Pet.) 291 (1832)","1832","Powell’s Lessee v. Harman,27 U.S. (2 Pet.) 241 (1829); Patton’s Lessee v. Easton, 14 U.S. (1 Wheat.) 476 (1816)","18291816"
"232","Gordon v. Ogden,28 U.S. (3 Pet.) 33 (1830)","1830","Wilson v. Daniel,3 U.S. (3 Dall.) 401 (1798)","1798"
"233","Hudson v. Guestier,10 U.S. (6 Cr.) 281 (1810)","1810","Rose v. Himely,8 U.S. (4 Cr.) 241 (1808)","1808"